Window Size,window_size,Embedding,Batch Size Word2vec,Batch Size Classifier,Accuracy
Window Size,window_size,Embedding,Batch Size Word2vec,Batch Size Classifier,Accuracy
1,32,4,4,0.7704918032786885
1,32,8,4,0.8032786885245902
1,50,4,4,0.7540983606557377
1,50,8,4,0.7786885245901639
2,32,4,4,0.040983606557377046
2,32,8,4,0.8278688524590164
2,50,4,4,0.8114754098360656
2,50,8,4,0.7213114754098361
